<?xml version="1.0" encoding="UTF-8" standalone="yes"?>
<addon id="repository.otaviofidelixREPO" name="otavio REPO" version="1.0" provider-name="otavio fidelix">
    <extension point="xbmc.addon.repository" name="Nome Repository">
        <dir>
            <info compressed="false">https://raw.githubusercontent.com/Otavio0909/otaviofidelixREPO/master/zips/addons.xml</info>
            <checksum>https://raw.githubusercontent.com/Otavio0909/otaviofidelixREPO/master/zips/addons.xml.md5</checksum>
            <datadir zip="true">https://raw.githubusercontent.com/Otavio0909/otaviofidelixREPO/master/zips/</datadir>
        </dir>
    </extension>
    <extension point="xbmc.addon.metadata">
        <summary>REPO do otaviofidelix</summary>
        <description>Addons do otaviofidelix</description>
        <disclaimer></disclaimer>
        <platform>all</platform>
        <assets>
            <icon>icon.png</icon>
            <fanart>fanart.jpg</fanart>
        </assets>
    </extension>
</addon>